Java Lotus Hotel Jember ;Standard Twin Room;Jl. Gatot Subroto No.47, Kepatihan, Kec. Kaliwates, Kabupaten Jember, Jawa Timur 68131;318000;4.5/5;2
Java Lotus Hotel Jember ;Deluxe Room;Jl. Gatot Subroto No.47, Kepatihan, Kec. Kaliwates, Kabupaten Jember, Jawa Timur 68131;539000;4.5/5;6
Java Lotus Hotel Jember ;Family Room;Jl. Gatot Subroto No.47, Kepatihan, Kec. Kaliwates, Kabupaten Jember, Jawa Timur 68131;815000;4.5/5;7
Hotel Dafam Fortuna Jember;Standard Room;Jl. Karimata No.43, Gumuk Kerang, Kec. Sumbersari, Kabupaten Jember, Jawa Timur 68121;346000;4.3/5;7
Hotel Dafam Fortuna Jember;Executive Room;Jl. Karimata No.43, Gumuk Kerang, Kec. Sumbersari, Kabupaten Jember, Jawa Timur 68121;672000;4.3/5;12
Hotel Dafam Fortuna Jember;Suite Room;Jl. Karimata No.43, Gumuk Kerang, Kec. Sumbersari, Kabupaten Jember, Jawa Timur 68121;932000;4.3/5;20
Hotel Sulawesi;Standard Room;Jl. Letjen. Suprapto XVIII, Kebonsari, Kec. Sumbersari, Kabupaten Jember, Jawa Timur 68121;186000;4.3/5;7
Hotel Sulawesi;Standard Twin Room;Jl. Letjen. Suprapto XVIII, Kebonsari, Kec. Sumbersari, Kabupaten Jember, Jawa Timur 68121;203000;4.3/5;1
Hotel Sulawesi;Deluxe Room;Jl. Letjen. Suprapto XVIII, Kebonsari, Kec. Sumbersari, Kabupaten Jember, Jawa Timur 68121;223000;4.3/5;11
Aston Jember Hotel;Studio Style Room;Jl. Sentot Prawirodirdjo No.88, Jember Kidul, Kec. Kaliwates, Kabupaten Jember, Jawa Timur 68131;450000;4.4/5;4
Aston Jember Hotel;Suite Room;Jl. Sentot Prawirodirdjo No.88, Jember Kidul, Kec. Kaliwates, Kabupaten Jember, Jawa Timur 68131;706000;4.4/5;21
Aston Jember Hotel;Suite Plus Room;Jl. Sentot Prawirodirdjo No.88, Jember Kidul, Kec. Kaliwates, Kabupaten Jember, Jawa Timur 68131;944000;4.4/5;17
Grand Valonia;Standard Twin Room;Jl. Tidar Gg Valonia No.1, Sumbersari, Kec. Sumbersari, Kab. Jember, Jawa Timur 68121;257000;4.5/5;15
Grand Valonia;Suite Junior Room;Jl. Tidar Gg Valonia No.1, Sumbersari, Kec. Sumbersari, Kab. Jember, Jawa Timur 68121;463000;4.5/5;9
Grand Valonia;Executive Suite Room;Jl. Tidar Gg Valonia No.1, Sumbersari, Kec. Sumbersari, Kab. Jember, Jawa Timur 68121;831000;4.5/5;13
Luminor Hotel Jember;Superior Room;Jl. KH Agus Salim No.28, Tegal Besar, Kec. Kaliwates, Kabupaten Jember, Jawa Timur 68131;323000;4.4/5;9
Luminor Hotel Jember;Executive Room;Jl. KH Agus Salim No.28, Tegal Besar, Kec. Kaliwates, Kabupaten Jember, Jawa Timur 68131;526000;4.4/5;5
Luminor Hotel Jember;Suite Room;Jl. KH Agus Salim No.28, Tegal Besar, Kec. Kaliwates, Kabupaten Jember, Jawa Timur 68131;743000;4.4/5;4
Hotel Cendrawasih;Deluxe Room;Jl. Cendrawasih No.22, Jemberlor, Kec. Patrang, Kabupaten Jember, Jawa Timur 68118;103000;4.0/5;6
Hotel Cendrawasih;Classic Room;Jl. Cendrawasih No.22, Jemberlor, Kec. Patrang, Kabupaten Jember, Jawa Timur 68118;120000;4.0/5;4
Hotel Cendrawasih;Cottage Suite Room;Jl. Cendrawasih No.22, Jemberlor, Kec. Patrang, Kabupaten Jember, Jawa Timur 68118;238000;4.0/5;2
Hotel Bandung Permai;Standard Twin Room;Jl. Hayam Wuruk No.38, Sempusari, Kec. Kaliwates, Kabupaten Jember, Jawa Timur 66184;200000;3.9/5;9
Hotel Bandung Permai;Superior Room;Jl. Hayam Wuruk No.38, Sempusari, Kec. Kaliwates, Kabupaten Jember, Jawa Timur 66184;277000;3.9/5;8
Hotel Bandung Permai;Suite Deluxe Room;Jl. Hayam Wuruk No.38, Sempusari, Kec. Kaliwates, Kabupaten Jember, Jawa Timur 66184;477000;3.9/5;4
Hotel & Resto GM253;Superior Room;Jl. Gajah Mada No.253, Jember Kidul, Kec. Kaliwates, Kabupaten Jember, Jawa Timur 68131;240000;4.4/5;14
Hotel & Resto GM253;Family A Room;Jl. Gajah Mada No.253, Jember Kidul, Kec. Kaliwates, Kabupaten Jember, Jawa Timur 68131;536000;4.4/5;5
Royale Hotel;Superior Room;Jl. Karimata No. 50, Sumbersari, Kab Jember, Jawa Timur 68121;258000;4.4/5;10
Royale Hotel;Gold Standard Double Room;Jl. Karimata No. 50, Sumbersari, Kab Jember, Jawa Timur 68121;322000;4.4/5;5
Royale Hotel;Platinum Superior Double Room;Jl. Karimata No. 50, Sumbersari, Kab Jember, Jawa Timur 68121;423000;4.4/5;4
Hotel Sulawesi;Suite Room;Jl. Letjen. Suprapto XVIII, Kebonsari, Kec. Sumbersari, Kabupaten Jember, Jawa Timur 68121;989000;4.3/5;3
Nabb;gjgjsadg;jkhfjkhfad;120000;4/5;2
